1 MiB, 0 %, 2026/09/09 01:14:52.141
22264 MiB, 100 %, 2026/09/09 01:14:57.169
22264 MiB, 98 %, 2026/09/09 01:15:02.198
22264 MiB, 99 %, 2026/09/09 01:15:07.225
22264 MiB, 100 %, 2026/09/09 01:15:12.254
22264 MiB, 100 %, 2026/09/09 01:15:17.282
22264 MiB, 100 %, 2026/09/09 01:15:22.311
22264 MiB, 100 %, 2026/09/09 01:15:27.340
22264 MiB, 98 %, 2026/09/09 01:15:32.370
22264 MiB, 99 %, 2026/09/09 01:15:37.400
22264 MiB, 100 %, 2026/09/09 01:15:42.431
22264 MiB, 98 %, 2026/09/09 01:15:47.459
22264 MiB, 100 %, 2026/09/09 01:15:52.489
22264 MiB, 98 %, 2026/09/09 01:15:57.519
22264 MiB, 98 %, 2026/09/09 01:16:02.547
22264 MiB, 98 %, 2026/09/09 01:16:07.578
22264 MiB, 99 %, 2026/09/09 01:16:12.608
22264 MiB, 100 %, 2026/09/09 01:16:17.639
22264 MiB, 98 %, 2026/09/09 01:16:22.670
22264 MiB, 99 %, 2026/09/09 01:16:27.700
22264 MiB, 98 %, 2026/09/09 01:16:32.730
22264 MiB, 100 %, 2026/09/09 01:16:37.760
22264 MiB, 100 %, 2026/09/09 01:16:42.790
22264 MiB, 99 %, 2026/09/09 01:16:47.820
22264 MiB, 98 %, 2026/09/09 01:16:52.848
22264 MiB, 100 %, 2026/09/09 01:16:57.879
22264 MiB, 98 %, 2026/09/09 01:17:02.908
22264 MiB, 100 %, 2026/09/09 01:17:07.938
22264 MiB, 27 %, 2026/09/09 01:17:12.969
22264 MiB, 99 %, 2026/09/09 01:17:17.998
22264 MiB, 99 %, 2026/09/09 01:17:23.026
22264 MiB, 98 %, 2026/09/09 01:17:28.056
22264 MiB, 99 %, 2026/09/09 01:17:33.086
22264 MiB, 100 %, 2026/09/09 01:17:38.115
22264 MiB, 98 %, 2026/09/09 01:17:43.145
22264 MiB, 100 %, 2026/09/09 01:17:48.174
22264 MiB, 99 %, 2026/09/09 01:17:53.204
22264 MiB, 100 %, 2026/09/09 01:17:58.234
22264 MiB, 98 %, 2026/09/09 01:18:03.264
22264 MiB, 99 %, 2026/09/09 01:18:08.294
22264 MiB, 100 %, 2026/09/09 01:18:13.325
22264 MiB, 98 %, 2026/09/09 01:18:18.356
22264 MiB, 100 %, 2026/09/09 01:18:23.386
22264 MiB, 100 %, 2026/09/09 01:18:28.415
22264 MiB, 99 %, 2026/09/09 01:18:33.444
22264 MiB, 98 %, 2026/09/09 01:18:38.475
22264 MiB, 100 %, 2026/09/09 01:18:43.504
22264 MiB, 100 %, 2026/09/09 01:18:48.535
22264 MiB, 98 %, 2026/09/09 01:18:53.566
22264 MiB, 100 %, 2026/09/09 01:18:58.595
22264 MiB, 99 %, 2026/09/09 01:19:03.625
22264 MiB, 100 %, 2026/09/09 01:19:08.654
22264 MiB, 98 %, 2026/09/09 01:19:13.683
22264 MiB, 99 %, 2026/09/09 01:19:18.711
22264 MiB, 100 %, 2026/09/09 01:19:23.741
22264 MiB, 98 %, 2026/09/09 01:19:28.768
22264 MiB, 100 %, 2026/09/09 01:19:33.799
22264 MiB, 100 %, 2026/09/09 01:19:38.827
22264 MiB, 98 %, 2026/09/09 01:19:43.853
22264 MiB, 99 %, 2026/09/09 01:19:48.883
22264 MiB, 99 %, 2026/09/09 01:19:53.911
22264 MiB, 99 %, 2026/09/09 01:19:58.940
22264 MiB, 100 %, 2026/09/09 01:20:03.969
22264 MiB, 100 %, 2026/09/09 01:20:08.998
22264 MiB, 98 %, 2026/09/09 01:20:14.027
22264 MiB, 98 %, 2026/09/09 01:20:19.056
22264 MiB, 100 %, 2026/09/09 01:20:24.086
22264 MiB, 100 %, 2026/09/09 01:20:29.114
22264 MiB, 100 %, 2026/09/09 01:20:34.144
22264 MiB, 100 %, 2026/09/09 01:20:39.174
22264 MiB, 98 %, 2026/09/09 01:20:44.206
22264 MiB, 100 %, 2026/09/09 01:20:49.235
22264 MiB, 100 %, 2026/09/09 01:20:54.301
22264 MiB, 99 %, 2026/09/09 01:20:59.333
22264 MiB, 100 %, 2026/09/09 01:21:04.375
22264 MiB, 99 %, 2026/09/09 01:21:09.406
22264 MiB, 99 %, 2026/09/09 01:21:14.434
22264 MiB, 98 %, 2026/09/09 01:21:19.465
22264 MiB, 99 %, 2026/09/09 01:21:24.497
22264 MiB, 100 %, 2026/09/09 01:21:29.528
22264 MiB, 98 %, 2026/09/09 01:21:34.560
22264 MiB, 98 %, 2026/09/09 01:21:39.588
22264 MiB, 98 %, 2026/09/09 01:21:44.614
22264 MiB, 99 %, 2026/09/09 01:21:49.644
22264 MiB, 100 %, 2026/09/09 01:21:54.675
22264 MiB, 99 %, 2026/09/09 01:21:59.704
22264 MiB, 100 %, 2026/09/09 01:22:04.733
22264 MiB, 98 %, 2026/09/09 01:22:09.763
22264 MiB, 98 %, 2026/09/09 01:22:14.795
22264 MiB, 99 %, 2026/09/09 01:22:19.823
22264 MiB, 99 %, 2026/09/09 01:22:24.852
22264 MiB, 98 %, 2026/09/09 01:22:29.882
22264 MiB, 99 %, 2026/09/09 01:22:34.912
22264 MiB, 100 %, 2026/09/09 01:22:39.942
22264 MiB, 98 %, 2026/09/09 01:22:44.971
22264 MiB, 100 %, 2026/09/09 01:22:49.999
22264 MiB, 99 %, 2026/09/09 01:22:55.029
22264 MiB, 98 %, 2026/09/09 01:23:00.059
22264 MiB, 100 %, 2026/09/09 01:23:05.089
22264 MiB, 99 %, 2026/09/09 01:23:10.120
22264 MiB, 100 %, 2026/09/09 01:23:15.150
22264 MiB, 98 %, 2026/09/09 01:23:20.181
22264 MiB, 99 %, 2026/09/09 01:23:25.212
22264 MiB, 98 %, 2026/09/09 01:23:30.242
22264 MiB, 98 %, 2026/09/09 01:23:35.270
22264 MiB, 100 %, 2026/09/09 01:23:40.306
22264 MiB, 99 %, 2026/09/09 01:23:45.344
22264 MiB, 100 %, 2026/09/09 01:23:50.374
22264 MiB, 98 %, 2026/09/09 01:23:55.402
22264 MiB, 100 %, 2026/09/09 01:24:00.433
22264 MiB, 98 %, 2026/09/09 01:24:05.463
22264 MiB, 100 %, 2026/09/09 01:24:10.493
22264 MiB, 98 %, 2026/09/09 01:24:15.522
22264 MiB, 99 %, 2026/09/09 01:24:20.550
22264 MiB, 100 %, 2026/09/09 01:24:25.581
22264 MiB, 100 %, 2026/09/09 01:24:30.611
22264 MiB, 99 %, 2026/09/09 01:24:35.640
22264 MiB, 99 %, 2026/09/09 01:24:40.672
22264 MiB, 98 %, 2026/09/09 01:24:45.700
22264 MiB, 100 %, 2026/09/09 01:24:50.730
22264 MiB, 99 %, 2026/09/09 01:24:55.759
22264 MiB, 99 %, 2026/09/09 01:25:00.793
22264 MiB, 99 %, 2026/09/09 01:25:05.822
22264 MiB, 100 %, 2026/09/09 01:25:10.852
22264 MiB, 98 %, 2026/09/09 01:25:15.884
22264 MiB, 100 %, 2026/09/09 01:25:20.914
22264 MiB, 98 %, 2026/09/09 01:25:25.945
22264 MiB, 100 %, 2026/09/09 01:25:30.974
22264 MiB, 99 %, 2026/09/09 01:25:36.002
22264 MiB, 99 %, 2026/09/09 01:25:41.032
22264 MiB, 98 %, 2026/09/09 01:25:46.063
22264 MiB, 98 %, 2026/09/09 01:25:51.091
22264 MiB, 100 %, 2026/09/09 01:25:56.120
22264 MiB, 99 %, 2026/09/09 01:26:01.151
22264 MiB, 100 %, 2026/09/09 01:26:06.185
22264 MiB, 98 %, 2026/09/09 01:26:11.216
22264 MiB, 99 %, 2026/09/09 01:26:16.249
22264 MiB, 98 %, 2026/09/09 01:26:21.279
22264 MiB, 98 %, 2026/09/09 01:26:26.308
22264 MiB, 100 %, 2026/09/09 01:26:31.339
22264 MiB, 99 %, 2026/09/09 01:26:36.372
22264 MiB, 100 %, 2026/09/09 01:26:41.407
22264 MiB, 98 %, 2026/09/09 01:26:46.435
22264 MiB, 100 %, 2026/09/09 01:26:51.465
22264 MiB, 100 %, 2026/09/09 01:26:56.494
22264 MiB, 98 %, 2026/09/09 01:27:01.523
22264 MiB, 100 %, 2026/09/09 01:27:06.553
22264 MiB, 98 %, 2026/09/09 01:27:11.582
22264 MiB, 100 %, 2026/09/09 01:27:16.611
22264 MiB, 99 %, 2026/09/09 01:27:21.641
22264 MiB, 99 %, 2026/09/09 01:27:26.671
22264 MiB, 99 %, 2026/09/09 01:27:31.699
22264 MiB, 99 %, 2026/09/09 01:27:36.729
22264 MiB, 100 %, 2026/09/09 01:27:41.758
22264 MiB, 100 %, 2026/09/09 01:27:46.788
22264 MiB, 98 %, 2026/09/09 01:27:51.817
22264 MiB, 98 %, 2026/09/09 01:27:56.847
22264 MiB, 98 %, 2026/09/09 01:28:01.878
22264 MiB, 100 %, 2026/09/09 01:28:06.907
22264 MiB, 98 %, 2026/09/09 01:28:11.937
22264 MiB, 99 %, 2026/09/09 01:28:16.966
22264 MiB, 98 %, 2026/09/09 01:28:21.996
22264 MiB, 98 %, 2026/09/09 01:28:27.023
22264 MiB, 100 %, 2026/09/09 01:28:32.054
22264 MiB, 98 %, 2026/09/09 01:28:37.084
22264 MiB, 100 %, 2026/09/09 01:28:42.119
22264 MiB, 100 %, 2026/09/09 01:28:47.151
22264 MiB, 99 %, 2026/09/09 01:28:52.181
22264 MiB, 98 %, 2026/09/09 01:28:57.210
22264 MiB, 98 %, 2026/09/09 01:29:02.241
22264 MiB, 100 %, 2026/09/09 01:29:07.273
22264 MiB, 99 %, 2026/09/09 01:29:12.304
22264 MiB, 100 %, 2026/09/09 01:29:17.333
22264 MiB, 98 %, 2026/09/09 01:29:22.365
22264 MiB, 99 %, 2026/09/09 01:29:27.392
22264 MiB, 98 %, 2026/09/09 01:29:32.422
22264 MiB, 98 %, 2026/09/09 01:29:37.454
22264 MiB, 100 %, 2026/09/09 01:29:42.487
22264 MiB, 98 %, 2026/09/09 01:29:47.516
22264 MiB, 98 %, 2026/09/09 01:29:52.570
22264 MiB, 100 %, 2026/09/09 01:29:57.604
22264 MiB, 99 %, 2026/09/09 01:30:02.637
22264 MiB, 99 %, 2026/09/09 01:30:07.667
22264 MiB, 99 %, 2026/09/09 01:30:12.696
22264 MiB, 100 %, 2026/09/09 01:30:17.725
22264 MiB, 98 %, 2026/09/09 01:30:22.756
22264 MiB, 100 %, 2026/09/09 01:30:27.786
22264 MiB, 98 %, 2026/09/09 01:30:32.815
22264 MiB, 99 %, 2026/09/09 01:30:37.844
22264 MiB, 98 %, 2026/09/09 01:30:42.873
22264 MiB, 100 %, 2026/09/09 01:30:47.901
22264 MiB, 100 %, 2026/09/09 01:30:52.931
22264 MiB, 98 %, 2026/09/09 01:30:57.961
22264 MiB, 99 %, 2026/09/09 01:31:02.990
22264 MiB, 100 %, 2026/09/09 01:31:08.020
22264 MiB, 100 %, 2026/09/09 01:31:13.047
22264 MiB, 98 %, 2026/09/09 01:31:18.077
22264 MiB, 99 %, 2026/09/09 01:31:23.108
22264 MiB, 100 %, 2026/09/09 01:31:28.138
22264 MiB, 98 %, 2026/09/09 01:31:33.169
22264 MiB, 100 %, 2026/09/09 01:31:38.199
22264 MiB, 99 %, 2026/09/09 01:31:43.228
22264 MiB, 100 %, 2026/09/09 01:31:48.257
22264 MiB, 99 %, 2026/09/09 01:31:53.285
22264 MiB, 99 %, 2026/09/09 01:31:58.317
22264 MiB, 100 %, 2026/09/09 01:32:03.345
22264 MiB, 98 %, 2026/09/09 01:32:08.375
22264 MiB, 99 %, 2026/09/09 01:32:13.402
22264 MiB, 100 %, 2026/09/09 01:32:18.430
22264 MiB, 98 %, 2026/09/09 01:32:23.462
22264 MiB, 100 %, 2026/09/09 01:32:28.493
22264 MiB, 99 %, 2026/09/09 01:32:33.521
22264 MiB, 98 %, 2026/09/09 01:32:38.552
22264 MiB, 99 %, 2026/09/09 01:32:43.581
22264 MiB, 100 %, 2026/09/09 01:32:48.611
22264 MiB, 98 %, 2026/09/09 01:32:53.639
22264 MiB, 100 %, 2026/09/09 01:32:58.669
22264 MiB, 98 %, 2026/09/09 01:33:03.698
22264 MiB, 100 %, 2026/09/09 01:33:08.726
22264 MiB, 98 %, 2026/09/09 01:33:13.758
22264 MiB, 99 %, 2026/09/09 01:33:18.787
22264 MiB, 98 %, 2026/09/09 01:33:23.816
22264 MiB, 100 %, 2026/09/09 01:33:28.844
22264 MiB, 100 %, 2026/09/09 01:33:33.870
22264 MiB, 99 %, 2026/09/09 01:33:38.900
22264 MiB, 100 %, 2026/09/09 01:33:43.932
22264 MiB, 98 %, 2026/09/09 01:33:48.964
22264 MiB, 100 %, 2026/09/09 01:33:53.992
22264 MiB, 99 %, 2026/09/09 01:33:59.020
22264 MiB, 98 %, 2026/09/09 01:34:04.050
22264 MiB, 100 %, 2026/09/09 01:34:09.080
22264 MiB, 98 %, 2026/09/09 01:34:14.110
22264 MiB, 100 %, 2026/09/09 01:34:19.138
22264 MiB, 98 %, 2026/09/09 01:34:24.166
22264 MiB, 99 %, 2026/09/09 01:34:29.194
22264 MiB, 98 %, 2026/09/09 01:34:34.222
22264 MiB, 98 %, 2026/09/09 01:34:39.256
22264 MiB, 98 %, 2026/09/09 01:34:44.285
22264 MiB, 100 %, 2026/09/09 01:34:49.314
22264 MiB, 100 %, 2026/09/09 01:34:54.345
22264 MiB, 98 %, 2026/09/09 01:34:59.373
22264 MiB, 100 %, 2026/09/09 01:35:04.407
22264 MiB, 99 %, 2026/09/09 01:35:09.437
22264 MiB, 99 %, 2026/09/09 01:35:14.464
22264 MiB, 99 %, 2026/09/09 01:35:19.493
22264 MiB, 98 %, 2026/09/09 01:35:24.522
22264 MiB, 98 %, 2026/09/09 01:35:29.551
22264 MiB, 100 %, 2026/09/09 01:35:34.580
22264 MiB, 99 %, 2026/09/09 01:35:39.612
22264 MiB, 100 %, 2026/09/09 01:35:44.638
22264 MiB, 98 %, 2026/09/09 01:35:49.668
22264 MiB, 100 %, 2026/09/09 01:35:54.699
22264 MiB, 100 %, 2026/09/09 01:35:59.726
22264 MiB, 98 %, 2026/09/09 01:36:04.756
22264 MiB, 98 %, 2026/09/09 01:36:09.787
22264 MiB, 99 %, 2026/09/09 01:36:14.836
22264 MiB, 100 %, 2026/09/09 01:36:19.865
22264 MiB, 100 %, 2026/09/09 01:36:24.898
22264 MiB, 98 %, 2026/09/09 01:36:29.926
22264 MiB, 100 %, 2026/09/09 01:36:34.954
22264 MiB, 98 %, 2026/09/09 01:36:39.982
22264 MiB, 99 %, 2026/09/09 01:36:45.010
22264 MiB, 98 %, 2026/09/09 01:36:50.040
22264 MiB, 99 %, 2026/09/09 01:36:55.068
22264 MiB, 100 %, 2026/09/09 01:37:00.096
22264 MiB, 99 %, 2026/09/09 01:37:05.125
22264 MiB, 100 %, 2026/09/09 01:37:10.155
22264 MiB, 98 %, 2026/09/09 01:37:15.188
22264 MiB, 99 %, 2026/09/09 01:37:20.220
22264 MiB, 98 %, 2026/09/09 01:37:25.250
22264 MiB, 98 %, 2026/09/09 01:37:30.282
22264 MiB, 100 %, 2026/09/09 01:37:35.314
22264 MiB, 99 %, 2026/09/09 01:37:40.346
22264 MiB, 99 %, 2026/09/09 01:37:45.378
22264 MiB, 99 %, 2026/09/09 01:37:50.408
22264 MiB, 99 %, 2026/09/09 01:37:55.439
22264 MiB, 98 %, 2026/09/09 01:38:00.478
22264 MiB, 100 %, 2026/09/09 01:38:05.511
22264 MiB, 98 %, 2026/09/09 01:38:10.542
22264 MiB, 98 %, 2026/09/09 01:38:15.571
22264 MiB, 100 %, 2026/09/09 01:38:20.603
22264 MiB, 99 %, 2026/09/09 01:38:25.636
22264 MiB, 100 %, 2026/09/09 01:38:30.664
22264 MiB, 98 %, 2026/09/09 01:38:35.694
22264 MiB, 100 %, 2026/09/09 01:38:40.761
22264 MiB, 100 %, 2026/09/09 01:38:45.796
22264 MiB, 98 %, 2026/09/09 01:38:50.832
22264 MiB, 100 %, 2026/09/09 01:38:55.863
22264 MiB, 98 %, 2026/09/09 01:39:00.895
22264 MiB, 100 %, 2026/09/09 01:39:05.924
22264 MiB, 100 %, 2026/09/09 01:39:10.953
22264 MiB, 99 %, 2026/09/09 01:39:15.983
22264 MiB, 100 %, 2026/09/09 01:39:21.023
22264 MiB, 98 %, 2026/09/09 01:39:26.055
22264 MiB, 100 %, 2026/09/09 01:39:31.085
22264 MiB, 98 %, 2026/09/09 01:39:36.113
22264 MiB, 100 %, 2026/09/09 01:39:41.141
22264 MiB, 100 %, 2026/09/09 01:39:46.169
22264 MiB, 99 %, 2026/09/09 01:39:51.199
22264 MiB, 98 %, 2026/09/09 01:39:56.229
22264 MiB, 98 %, 2026/09/09 01:40:01.262
22264 MiB, 100 %, 2026/09/09 01:40:06.290
22264 MiB, 99 %, 2026/09/09 01:40:11.319
22264 MiB, 99 %, 2026/09/09 01:40:16.350
22264 MiB, 99 %, 2026/09/09 01:40:21.379
22264 MiB, 99 %, 2026/09/09 01:40:26.407
22264 MiB, 98 %, 2026/09/09 01:40:31.435
22264 MiB, 100 %, 2026/09/09 01:40:36.464
22264 MiB, 99 %, 2026/09/09 01:40:41.491
22264 MiB, 100 %, 2026/09/09 01:40:46.520
22264 MiB, 98 %, 2026/09/09 01:40:51.548
22264 MiB, 99 %, 2026/09/09 01:40:56.576
22264 MiB, 98 %, 2026/09/09 01:41:01.606
22264 MiB, 98 %, 2026/09/09 01:41:06.637
22264 MiB, 100 %, 2026/09/09 01:41:11.668
22264 MiB, 98 %, 2026/09/09 01:41:16.698
22264 MiB, 98 %, 2026/09/09 01:41:21.727
22264 MiB, 99 %, 2026/09/09 01:41:26.758
22264 MiB, 98 %, 2026/09/09 01:41:31.789
22264 MiB, 98 %, 2026/09/09 01:41:36.817
22264 MiB, 100 %, 2026/09/09 01:41:41.846
22264 MiB, 98 %, 2026/09/09 01:41:46.876
22264 MiB, 98 %, 2026/09/09 01:41:51.906
22264 MiB, 100 %, 2026/09/09 01:41:56.935
22264 MiB, 99 %, 2026/09/09 01:42:01.964
22264 MiB, 99 %, 2026/09/09 01:42:06.997
22264 MiB, 98 %, 2026/09/09 01:42:12.025
22264 MiB, 100 %, 2026/09/09 01:42:17.055
22264 MiB, 98 %, 2026/09/09 01:42:22.083
22264 MiB, 98 %, 2026/09/09 01:42:27.112
22264 MiB, 98 %, 2026/09/09 01:42:32.141
22264 MiB, 99 %, 2026/09/09 01:42:37.171
22264 MiB, 98 %, 2026/09/09 01:42:42.199
22264 MiB, 99 %, 2026/09/09 01:42:47.230
22264 MiB, 99 %, 2026/09/09 01:42:52.259
22264 MiB, 99 %, 2026/09/09 01:42:57.287
22264 MiB, 100 %, 2026/09/09 01:43:02.316
22264 MiB, 99 %, 2026/09/09 01:43:07.346
22264 MiB, 98 %, 2026/09/09 01:43:12.377
22264 MiB, 100 %, 2026/09/09 01:43:17.406
22264 MiB, 99 %, 2026/09/09 01:43:22.436
22264 MiB, 100 %, 2026/09/09 01:43:27.466
22264 MiB, 98 %, 2026/09/09 01:43:32.495
22264 MiB, 100 %, 2026/09/09 01:43:37.526
22264 MiB, 98 %, 2026/09/09 01:43:42.557
22264 MiB, 98 %, 2026/09/09 01:43:47.586
22264 MiB, 98 %, 2026/09/09 01:43:52.617
22264 MiB, 99 %, 2026/09/09 01:43:57.648
22264 MiB, 100 %, 2026/09/09 01:44:02.677
22264 MiB, 98 %, 2026/09/09 01:44:07.707
22264 MiB, 100 %, 2026/09/09 01:44:12.737
22264 MiB, 98 %, 2026/09/09 01:44:17.766
22264 MiB, 100 %, 2026/09/09 01:44:22.795
22264 MiB, 98 %, 2026/09/09 01:44:27.826
22264 MiB, 99 %, 2026/09/09 01:44:32.855
22264 MiB, 99 %, 2026/09/09 01:44:37.886
22264 MiB, 100 %, 2026/09/09 01:44:42.915
22264 MiB, 99 %, 2026/09/09 01:44:47.945
22264 MiB, 99 %, 2026/09/09 01:44:52.976
22264 MiB, 100 %, 2026/09/09 01:44:58.008
22264 MiB, 99 %, 2026/09/09 01:45:03.037
22264 MiB, 99 %, 2026/09/09 01:45:08.067
22264 MiB, 100 %, 2026/09/09 01:45:13.099
22264 MiB, 99 %, 2026/09/09 01:45:18.127
22264 MiB, 99 %, 2026/09/09 01:45:23.156
22264 MiB, 99 %, 2026/09/09 01:45:28.185
22264 MiB, 98 %, 2026/09/09 01:45:33.214
22264 MiB, 99 %, 2026/09/09 01:45:38.243
22264 MiB, 100 %, 2026/09/09 01:45:43.273
22264 MiB, 98 %, 2026/09/09 01:45:48.304
22264 MiB, 98 %, 2026/09/09 01:45:53.335
22264 MiB, 100 %, 2026/09/09 01:45:58.365
22264 MiB, 98 %, 2026/09/09 01:46:03.395
22264 MiB, 99 %, 2026/09/09 01:46:08.424
22264 MiB, 98 %, 2026/09/09 01:46:13.454
22264 MiB, 100 %, 2026/09/09 01:46:18.484
22264 MiB, 98 %, 2026/09/09 01:46:23.514
22264 MiB, 99 %, 2026/09/09 01:46:28.542
22264 MiB, 100 %, 2026/09/09 01:46:33.571
22264 MiB, 98 %, 2026/09/09 01:46:38.600
22264 MiB, 100 %, 2026/09/09 01:46:43.631
22264 MiB, 99 %, 2026/09/09 01:46:48.660
22264 MiB, 100 %, 2026/09/09 01:46:53.689
22264 MiB, 98 %, 2026/09/09 01:46:58.720
22264 MiB, 100 %, 2026/09/09 01:47:03.749
22264 MiB, 98 %, 2026/09/09 01:47:08.781
22264 MiB, 99 %, 2026/09/09 01:47:13.810
22264 MiB, 98 %, 2026/09/09 01:47:18.852
22264 MiB, 100 %, 2026/09/09 01:47:23.882
22264 MiB, 100 %, 2026/09/09 01:47:28.911
22264 MiB, 99 %, 2026/09/09 01:47:33.943
22264 MiB, 100 %, 2026/09/09 01:47:38.973
22264 MiB, 98 %, 2026/09/09 01:47:44.001
22264 MiB, 99 %, 2026/09/09 01:47:49.029
22264 MiB, 99 %, 2026/09/09 01:47:54.057
22264 MiB, 99 %, 2026/09/09 01:47:59.086
22264 MiB, 99 %, 2026/09/09 01:48:04.115
22264 MiB, 100 %, 2026/09/09 01:48:09.147
22264 MiB, 99 %, 2026/09/09 01:48:14.176
22264 MiB, 98 %, 2026/09/09 01:48:19.205
22264 MiB, 100 %, 2026/09/09 01:48:24.235
22264 MiB, 99 %, 2026/09/09 01:48:29.264
22264 MiB, 98 %, 2026/09/09 01:48:34.296
22264 MiB, 98 %, 2026/09/09 01:48:39.329
22264 MiB, 100 %, 2026/09/09 01:48:44.360
22264 MiB, 100 %, 2026/09/09 01:48:49.391
22264 MiB, 98 %, 2026/09/09 01:48:54.421
22264 MiB, 98 %, 2026/09/09 01:48:59.453
22264 MiB, 98 %, 2026/09/09 01:49:04.484
22264 MiB, 100 %, 2026/09/09 01:49:09.513
22264 MiB, 98 %, 2026/09/09 01:49:14.542
22264 MiB, 99 %, 2026/09/09 01:49:19.570
22264 MiB, 100 %, 2026/09/09 01:49:24.602
22264 MiB, 98 %, 2026/09/09 01:49:29.630
22264 MiB, 100 %, 2026/09/09 01:49:34.659
22264 MiB, 99 %, 2026/09/09 01:49:39.689
22264 MiB, 100 %, 2026/09/09 01:49:44.717
22264 MiB, 98 %, 2026/09/09 01:49:49.746
22264 MiB, 100 %, 2026/09/09 01:49:54.776
